{"bounds_center":{"x":-0.003131955862045288,"y":0.026609286665916444,"z":-8.940696716308594e-8},"bounds_extent":{"x":0.6431773900985718,"y":0.1757992058992386,"z":0.7446485757827759},"rootBone":1,"bones":[37,38,14,40,15,36,13,8,1,7,9,10,5,39,41,42,43,17,2,3,4,16,18,19,20,21,6,11,44,47,50,48,51,53,56,54,49,52,55,45,46,57,58,24,27,25,28,30,33,31,26,29,32,22,23,34,35]}