{"bounds_center":{"x":-0.2689482569694519,"y":0.0062201544642448429,"z":-8.195638656616211e-8},"bounds_extent":{"x":0.0734274834394455,"y":0.08411805331707001,"z":0.11091282218694687},"rootBone":13,"bones":[37,38,39,14,40,15,36,13,16,17]}