{"bounds_center":{"x":-0.003489762544631958,"y":0.033553995192050937,"z":-0.000001043081283569336},"bounds_extent":{"x":0.6435351371765137,"y":0.1688544750213623,"z":0.366047739982605},"rootBone":1,"bones":[37,36,13,14,8,1,7,9,10,11,3,2,4,5,6]}