{"bounds_center":{"x":-0.29178768396377566,"y":0.0019535981118679048,"z":-1.043081283569336e-7},"bounds_extent":{"x":0.11667364835739136,"y":0.11669990420341492,"z":0.13753457367420197},"rootBone":13,"bones":[37,14,36,13,17]}