{"bounds_center":{"x":-0.3684212565422058,"y":-0.0003370717167854309,"z":-2.9802322387695315e-8},"bounds_extent":{"x":0.03932461142539978,"y":0.08647377043962479,"z":0.10072945803403855},"rootBone":13,"bones":[37,36,14,13]}