{"bounds_center":{"x":-0.322393536567688,"y":0.009704731404781342,"z":4.470348358154297e-8},"bounds_extent":{"x":0.26163291931152346,"y":0.12574893236160279,"z":0.18248699605464936},"rootBone":1,"bones":[13,12,1,14,37,38,39,40,15,36,7,16,17,2]}