{"bounds_center":{"x":0.2964884042739868,"y":0.03974699229001999,"z":3.5762786865234377e-7},"bounds_extent":{"x":0.6388641595840454,"y":0.1644172966480255,"z":0.32665497064590456},"rootBone":13,"bones":[37,38,39,14,40,15,36,13,16,17,7,8,9,10,2,3,4,5,11,6]}