{"bounds_center":{"x":-0.0028539299964904787,"y":0.026609279215335847,"z":-8.940696716308594e-8},"bounds_extent":{"x":0.6428993344306946,"y":0.1757991909980774,"z":0.7446485757827759},"rootBone":1,"bones":[8,7,9,37,15,36,38,14,13,4,2,3,1,17,16,18,19,10,5,40,39,41,42,43,20,21,6,11,44,47,50,48,51,53,56,54,49,52,55,45,46,57,58,24,27,25,28,30,33,31,26,29,32,22,23,34,35]}