{"bounds_center":{"x":-0.2476881742477417,"y":0.00016322731971740723,"z":-1.6391277313232423e-7},"bounds_extent":{"x":0.39878368377685549,"y":0.162512868642807,"z":0.2593803405761719},"rootBone":1,"bones":[37,13,14,36,1,12,8,7,3,2,17]}