{"bounds_center":{"x":-0.003213226795196533,"y":0.01866057515144348,"z":-0.000001043081283569336},"bounds_extent":{"x":0.6432586312294006,"y":0.18374790251255036,"z":0.366047739982605},"rootBone":1,"bones":[37,13,14,36,1,12,8,7,3,9,10,11,2,17,4,5,6]}