{"bounds_center":{"x":-0.44440221786499026,"y":0.011847954243421555,"z":5.21540641784668e-7},"bounds_extent":{"x":0.1396242380142212,"y":0.11846719682216644,"z":0.16751298308372498},"rootBone":1,"bones":[12,13,1,14,37,15,38,40,36,39,17,16]}