{"bounds_center":{"x":-0.20695698261260987,"y":0.018621057271957399,"z":-2.384185791015625e-7},"bounds_extent":{"x":0.847002387046814,"y":0.22054564952850343,"z":0.7446485757827759},"rootBone":1,"bones":[37,38,13,14,39,40,41,15,36,1,12,8,7,9,10,5,42,43,3,16,17,18,2,4,19,20,21,6,11,44,47,50,48,51,53,56,54,49,52,55,45,46,57,58,24,27,25,28,30,33,31,26,29,32,22,23,34,35]}