{"bounds_center":{"x":-0.0031318962574005129,"y":0.022448405623435975,"z":-1.4901161193847657e-7},"bounds_extent":{"x":0.6431772708892822,"y":0.17996008694171906,"z":0.7446486949920654},"rootBone":1,"bones":[38,13,14,40,39,37,36,12,1,9,7,10,15,41,42,43,44,17,16,4,2,5,18,19,20,21,47,50,48,51,53,56,57,54,49,52,55,45,46,58,24,27,25,28,30,33,34,31,26,29,32,22,23,35,11,6,8,3]}