{"bounds_center":{"x":0.055350929498672488,"y":0.01859593391418457,"z":-3.5762786865234377e-7},"bounds_extent":{"x":0.6387993097305298,"y":0.18473343551158906,"z":0.6607460975646973},"rootBone":1,"bones":[37,15,16,36,1,38,12,13,14,40,39,7,8,3,2,17,9,10,41,42,43,11,47,50,48,51,53,56,54,49,52,55,44,45,46,57,58,4,5,18,19,20,6,24,27,25,28,30,33,31,26,29,32,21,22,23,34,35]}