{"bounds_center":{"x":-0.3062227964401245,"y":0.005897633731365204,"z":-2.2351741790771486e-8},"bounds_extent":{"x":0.036153003573417667,"y":0.07443347573280335,"z":0.07785499095916748},"rootBone":13,"bones":[37,36,38,14,15,39,40,16,17,13]}