{"bounds_center":{"x":-0.4775015115737915,"y":0.026668325066566469,"z":4.544854164123535e-7},"bounds_extent":{"x":0.10594691336154938,"y":0.11315491795539856,"z":0.10724206268787384},"rootBone":1,"bones":[37,38,39,14,40,13,15,36,16,1,12,17]}