{"bounds_center":{"x":-0.2010679841041565,"y":-0.007933035492897034,"z":-3.3527612686157229e-7},"bounds_extent":{"x":0.38241904973983767,"y":0.16571398079395295,"z":0.2411322295665741},"rootBone":1,"bones":[37,40,38,14,39,13,15,36,1,12,7,8,16,2,17,3]}