{"bounds_center":{"x":0.2964884042739868,"y":0.034302085638046268,"z":-8.940696716308594e-8},"bounds_extent":{"x":0.6388640999794006,"y":0.16986221075057984,"z":0.6607462167739868},"rootBone":13,"bones":[37,38,39,14,40,13,15,36,7,8,9,10,41,42,43,16,17,2,3,4,5,18,19,20,11,6,47,50,48,51,53,56,54,49,52,55,44,45,46,57,58,24,27,25,28,30,33,31,26,29,32,21,22,23,34,35]}