{"bounds_center":{"x":-0.1306268274784088,"y":0.006728708744049072,"z":-2.980232238769531e-7},"bounds_extent":{"x":0.8247770071029663,"y":0.22171975672245027,"z":0.6607460975646973},"rootBone":1,"bones":[37,38,39,40,14,15,36,1,12,13,8,7,9,10,41,42,43,16,3,17,2,4,5,18,19,20,11,6,47,50,48,51,53,56,54,49,52,55,44,45,46,57,58,24,27,25,28,30,33,31,26,29,32,21,22,23,34,35]}