{"bounds_center":{"x":-0.39278292655944826,"y":0.013795793056488037,"z":4.0978193283081057e-7},"bounds_extent":{"x":0.2536889314651489,"y":0.14676301181316377,"z":0.22867396473884583},"rootBone":1,"bones":[12,1,8,37,13,7,14,3,2,36,17]}