{"bounds_center":{"x":-0.3824540674686432,"y":0.013787567615509034,"z":3.948807716369629e-7},"bounds_extent":{"x":0.264017790555954,"y":0.14677123725414277,"z":0.22867396473884583},"rootBone":1,"bones":[12,1,8,37,13,7,14,3,2,36,17]}