{"bounds_center":{"x":0.05535095930099487,"y":0.020354479551315309,"z":-3.8743019104003908e-7},"bounds_extent":{"x":0.6387993693351746,"y":0.18297484517097474,"z":0.6651238203048706},"rootBone":1,"bones":[37,15,36,1,38,39,12,13,14,7,40,3,2,17,16,8,9,10,41,42,43,11,44,47,50,48,51,53,56,54,49,52,55,45,46,57,58,4,5,18,19,20,21,6,24,27,25,28,30,33,31,34,26,29,32,22,23,35]}