{"bounds_center":{"x":0.05533158779144287,"y":0.01484118402004242,"z":-0.0000012814998626708985},"bounds_extent":{"x":0.638818621635437,"y":0.1884882003068924,"z":0.3266550600528717},"rootBone":1,"bones":[37,40,38,14,39,13,15,36,1,12,7,8,16,2,17,3,9,10,4,5,11,6]}