{"bounds_center":{"x":-0.330308198928833,"y":-0.008405204862356186,"z":-2.2351741790771486e-8},"bounds_extent":{"x":0.07870370149612427,"y":0.100123330950737,"z":0.12209247052669525},"rootBone":13,"bones":[37,36,13,14]}