{"bounds_center":{"x":0.055350929498672488,"y":0.033723361790180209,"z":-3.5762786865234377e-7},"bounds_extent":{"x":0.6387993097305298,"y":0.1696060299873352,"z":0.6607460975646973},"rootBone":1,"bones":[37,38,39,14,40,13,15,36,7,8,9,10,41,42,43,16,1,12,17,2,3,4,5,18,19,20,11,6,47,50,48,51,53,56,54,49,52,55,44,45,46,57,58,24,27,25,28,30,33,31,26,29,32,21,22,23,34,35]}