{"bounds_center":{"x":-0.0031318962574005129,"y":0.022448405623435975,"z":-1.4901161193847657e-7},"bounds_extent":{"x":0.6431772708892822,"y":0.17996008694171906,"z":0.7446486949920654},"rootBone":1,"bones":[1,12,3,8,38,13,14,40,39,37,36,7,9,10,15,41,42,43,17,16,2,4,5,18,19,20,21,44,11,6,47,50,48,51,53,56,54,49,52,55,45,46,57,58,24,27,25,28,30,33,31,26,29,32,22,23,34,35]}