{"bounds_center":{"x":-0.003512144088745117,"y":0.02660927176475525,"z":-2.384185791015625e-7},"bounds_extent":{"x":0.6435575485229492,"y":0.17579922080039979,"z":0.7446485757827759},"rootBone":1,"bones":[37,15,36,38,13,14,8,1,7,9,10,5,40,39,41,42,43,2,3,4,17,16,18,19,20,21,6,11,44,47,50,48,51,53,56,54,49,52,55,45,46,57,58,24,27,25,28,30,33,31,26,29,32,22,23,34,35]}