{"bounds_center":{"x":-0.2251061499118805,"y":-0.002287641167640686,"z":1.1920928955078126e-7},"bounds_extent":{"x":0.26904135942459109,"y":0.164899080991745,"z":0.20449593663215638},"rootBone":1,"bones":[13,12,1,14,7,8,37,38,39,40,15,36,2,3,17,16]}