{"bounds_center":{"x":-0.2932337820529938,"y":-0.0031018853187561037,"z":-0.00027798861265182495},"bounds_extent":{"x":0.3147644102573395,"y":0.17653867602348329,"z":0.23915588855743409},"rootBone":1,"bones":[37,36,14,13,12,1,8,3,7,2,17]}