{"bounds_center":{"x":-0.198224738240242,"y":-0.0068567246198654179,"z":-2.8312206268310549e-7},"bounds_extent":{"x":0.3208669424057007,"y":0.20454008877277375,"z":0.2586554288864136},"rootBone":1,"bones":[13,14,3,8,1,37,36,12,7,2]}