{"bounds_center":{"x":-0.22274498641490937,"y":0.009800679981708527,"z":0.0000010728836059570313},"bounds_extent":{"x":0.3453875482082367,"y":0.2211976945400238,"z":0.3399301767349243},"rootBone":1,"bones":[40,38,13,14,39,3,8,1,37,36,12,15,41,7,17,16,18,2]}