{"bounds_center":{"x":-0.2600307762622833,"y":-0.016097307205200197,"z":0.0000011771917343139649},"bounds_extent":{"x":0.36330530047416689,"y":0.20555037260055543,"z":0.3885432481765747},"rootBone":1,"bones":[40,17,37,38,39,36,1,15,16,12,13,14,8,3,41,9,7,2,4,42,43,18,19,20]}