{"bounds_center":{"x":-0.22651422023773194,"y":-0.0010462626814842225,"z":1.4901161193847657e-7},"bounds_extent":{"x":0.2686052620410919,"y":0.16449514031410218,"z":0.2037907838821411},"rootBone":1,"bones":[13,12,1,14,7,8,37,15,38,40,36,39,3,2,16,17]}