{"bounds_center":{"x":-0.21152901649475099,"y":0.001487143337726593,"z":0.0000010579824447631836},"bounds_extent":{"x":0.3549373149871826,"y":0.20545607805252076,"z":0.33789438009262087},"rootBone":1,"bones":[40,38,39,13,14,12,8,3,7,1,37,36,41,17,15,16,2,18]}