{"bounds_center":{"x":0.04589684307575226,"y":-0.004199281334877014,"z":-3.129243850708008e-7},"bounds_extent":{"x":0.21916766464710236,"y":0.16151084005832673,"z":0.2878795266151428},"rootBone":1,"bones":[9,7,1,12,13,4,2,8,3]}