{"bounds_center":{"x":-0.25557273626327517,"y":-0.0036649182438850404,"z":1.9371509552001954e-7},"bounds_extent":{"x":0.28520745038986208,"y":0.15984275937080384,"z":0.19660495221614839},"rootBone":1,"bones":[37,38,13,14,40,15,36,39,12,1,7,2,16,17]}