{"bounds_center":{"x":-0.30370062589645388,"y":-0.005641654133796692,"z":-0.000008031725883483887},"bounds_extent":{"x":0.30539965629577639,"y":0.187409907579422,"z":0.4407985806465149},"rootBone":1,"bones":[37,38,14,39,40,41,15,36,13,12,1,3,8,7,17,42,16,18,2,19]}