{"bounds_center":{"x":-0.07685929536819458,"y":0.010104447603225708,"z":1.4901161193847657e-8},"bounds_extent":{"x":0.07495042681694031,"y":0.14494313299655915,"z":0.20573660731315614},"rootBone":1,"bones":[12,13,1,8,3,7,37,14,2]}