{"bounds_center":{"x":-0.3123195171356201,"y":-0.00030578672885894775,"z":0.000015407800674438477},"bounds_extent":{"x":0.30772364139556887,"y":0.1870451718568802,"z":0.44349169731140139},"rootBone":1,"bones":[37,38,13,14,40,39,41,1,7,12,8,3,15,36,17,42,16,18,2,19]}