{"bounds_center":{"x":-0.258950799703598,"y":0.005160726606845856,"z":0.0000010281801223754883},"bounds_extent":{"x":0.3061189353466034,"y":0.1984092891216278,"z":0.3469889163970947},"rootBone":1,"bones":[37,13,14,15,17,38,36,1,12,16,3,8,2,18,39,19,40,7,41,42]}