{"bounds_center":{"x":0.02829928696155548,"y":-0.03265158832073212,"z":-3.725290298461914e-7},"bounds_extent":{"x":0.19710606336593629,"y":0.16824275255203248,"z":0.2629576325416565},"rootBone":1,"bones":[7,8,1,37,12,13,3,2]}