{"bounds_center":{"x":-0.0834324061870575,"y":0.011141389608383179,"z":2.9802322387695315e-8},"bounds_extent":{"x":0.06631650030612946,"y":0.14547432959079743,"z":0.20587684214115144},"rootBone":1,"bones":[1,2,12,3,8,37,13,14,7]}