{"bounds_center":{"x":-0.23637107014656068,"y":0.03284074366092682,"z":0.2868536710739136},"bounds_extent":{"x":0.16150197386741639,"y":0.2268954962491989,"z":0.39484089612960818},"rootBone":4,"bones":[10,5,11,6,9,4]}