{"bounds_center":{"x":-0.3046855330467224,"y":-0.010587796568870545,"z":0.0000014901161193847657},"bounds_extent":{"x":0.30638450384140017,"y":0.18246373534202577,"z":0.2559090256690979},"rootBone":1,"bones":[37,14,36,41,13,12,1,3,8,7,18,2]}