{"bounds_center":{"x":0.03050415962934494,"y":-0.015864230692386628,"z":-2.980232238769531e-7},"bounds_extent":{"x":0.22543978691101075,"y":0.1838635802268982,"z":0.30358266830444338},"rootBone":1,"bones":[1,12,8,7,3,13,37,14,9,2,4]}