{"bounds_center":{"x":0.07802477478981018,"y":-0.022980600595474244,"z":-4.470348358154297e-7},"bounds_extent":{"x":0.23173275589942933,"y":0.15828123688697816,"z":0.2856541574001312},"rootBone":1,"bones":[1,8,3,7,37,12,13,9,2,4]}