{"bounds_center":{"x":-0.20704805850982667,"y":-0.007983118295669556,"z":2.9802322387695315e-8},"bounds_extent":{"x":0.3174220323562622,"y":0.17888590693473817,"z":0.24008604884147645},"rootBone":1,"bones":[13,14,12,3,8,1,37,36]}