{"bounds_center":{"x":-0.20941439270973206,"y":0.003009311854839325,"z":9.5367431640625e-7},"bounds_extent":{"x":0.31641170382499697,"y":0.18221095204353333,"z":0.2639344334602356},"rootBone":1,"bones":[37,15,36,1,38,39,12,13,14,40,7,8,3,16,2,17]}