{"bounds_center":{"x":-0.263277530670166,"y":0.0051345378160476688,"z":0.000005647540092468262},"bounds_extent":{"x":0.30982333421707156,"y":0.19766253232955934,"z":0.3422974944114685},"rootBone":1,"bones":[37,15,36,1,38,39,12,13,14,40,8,7,3,16,41,42,2,17,18,19]}