{"bounds_center":{"x":-0.22465533018112184,"y":-0.016159921884536744,"z":-2.980232238769531e-7},"bounds_extent":{"x":0.3587533235549927,"y":0.20142045617103578,"z":0.2869277000427246},"rootBone":1,"bones":[37,38,39,14,40,13,41,15,36,1,12,8,7,3,17,16,18,2]}