{"bounds_center":{"x":-0.272850900888443,"y":0.03207585960626602,"z":0.2572018504142761},"bounds_extent":{"x":0.1404155194759369,"y":0.18458235263824464,"z":0.3451293110847473},"rootBone":4,"bones":[9,10,11,4,5,6]}