{"bounds_center":{"x":-0.24945154786109925,"y":-0.005748271942138672,"z":1.7881393432617188e-7},"bounds_extent":{"x":0.3835495412349701,"y":0.21183210611343385,"z":0.43097174167633059},"rootBone":1,"bones":[37,38,39,14,40,13,41,15,36,1,12,8,7,3,17,42,16,18,2,19]}