{"bounds_center":{"x":-0.18167762458324433,"y":-0.004089765250682831,"z":0.0000011622905731201172},"bounds_extent":{"x":0.42369526624679568,"y":0.18882957100868226,"z":0.40147659182548525},"rootBone":1,"bones":[37,36,38,14,40,39,41,13,15,12,1,8,3,7,17,9,42,16,18,2,4,19]}