{"bounds_center":{"x":-0.23541469871997834,"y":-0.010881759226322174,"z":-0.00003199279308319092},"bounds_extent":{"x":0.2883397340774536,"y":0.18220028281211854,"z":0.23162691295146943},"rootBone":1,"bones":[37,15,36,1,38,12,13,14,2,16,39,7,40,17,8,3]}