{"bounds_center":{"x":-0.24716970324516297,"y":-0.012197919189929963,"z":-0.000022411346435546875},"bounds_extent":{"x":0.3006945550441742,"y":0.18117064237594605,"z":0.22996453940868379},"rootBone":1,"bones":[37,38,36,14,13,15,40,1,12,39,17,16,7,8,3,2]}