{"bounds_center":{"x":-0.18324831128120423,"y":0.000744156539440155,"z":0.000001773238182067871},"bounds_extent":{"x":0.370487779378891,"y":0.18230143189430238,"z":0.27865010499954226},"rootBone":1,"bones":[37,38,39,14,40,15,36,1,12,13,8,3,7,16,2,17]}