{"bounds_center":{"x":-0.03659083694219589,"y":-0.000795118510723114,"z":-2.086162567138672e-7},"bounds_extent":{"x":0.11315429955720902,"y":0.15741080045700074,"z":0.2435964196920395},"rootBone":1,"bones":[3,8,1,12]}