{"bounds_center":{"x":-0.20911246538162232,"y":0.003169529139995575,"z":9.238719940185547e-7},"bounds_extent":{"x":0.3174344301223755,"y":0.1848885416984558,"z":0.26404061913490298},"rootBone":1,"bones":[37,15,36,1,38,39,12,13,14,40,7,8,3,2,17,16]}