{"bounds_center":{"x":0.019738614559173585,"y":-0.025838200002908708,"z":-3.2782554626464846e-7},"bounds_extent":{"x":0.16161248087882996,"y":0.14780883491039277,"z":0.2411322444677353},"rootBone":1,"bones":[1,8,7,12,3,2]}