{"bounds_center":{"x":-0.24541983008384705,"y":-0.02129443734884262,"z":-1.4901161193847657e-7},"bounds_extent":{"x":0.35600152611732485,"y":0.21414801478385926,"z":0.2930024564266205},"rootBone":1,"bones":[37,38,13,14,36,15,40,39,41,12,1,7,8,3,17,16,2,18]}