{"bounds_center":{"x":-0.29033729434013369,"y":-0.007412537932395935,"z":1.4901161193847657e-7},"bounds_extent":{"x":0.2861045300960541,"y":0.179938405752182,"z":0.2560318410396576},"rootBone":1,"bones":[37,13,14,1,7,12,8,3,36,2]}